<?xml version="1.0" encoding="UTF-8"?>

<mule xmlns:jersey="http://www.mulesoft.org/schema/mule/jersey" xmlns:http="http://www.mulesoft.org/schema/mule/http" xmlns="http://www.mulesoft.org/schema/mule/core" xmlns:doc="http://www.mulesoft.org/schema/mule/documentation"
	xmlns:spring="http://www.springframework.org/schema/beans" 
	xmlns:xsi="http://www.w3.org/2001/XMLSchema-instance"
	xsi:schemaLocation="http://www.springframework.org/schema/beans http://www.springframework.org/schema/beans/spring-beans-current.xsd
http://www.mulesoft.org/schema/mule/core http://www.mulesoft.org/schema/mule/core/current/mule.xsd
http://www.mulesoft.org/schema/mule/http http://www.mulesoft.org/schema/mule/http/current/mule-http.xsd
http://www.mulesoft.org/schema/mule/jersey http://www.mulesoft.org/schema/mule/jersey/current/mule-jersey.xsd">
    <http:listener-config name="default-configuration" host="0.0.0.0" port="${port}" doc:name="HTTP Listener Configuration"/>
    <spring:beans>
        <spring:bean id="Bean" name="Bean" class="br.com.luxfacta.factory.CurrencyFactory" scope="singleton"/>
    </spring:beans>
    <flow name="coin-variationFlow">
        <http:listener config-ref="default-configuration" path="/*" doc:name="HTTP"/>
        <jersey:resources doc:name="CurrencyConsumer">
            <component class="br.com.luxfacta.rest.CurrencyConsumerRest"/>
        </jersey:resources>
    </flow>
</mule>
